taxa,ploidyvals
Illicium_anisatum,4
Ceratophyllum_demersum,6
Posidonia_oceanica,2
Ruppia_cirrhosa,4
Cymodocea_nodosa,4
Zostera_marina,2
Zostera_noltii,2
Butomus_umbellatus,3
Sagittaria_graminea,2
Limnocharis_flava,2
Hydrocleys_nymphoides,2
Lemna_minor,4
Wolffia_arrhiza,2
Wolffiella_oblonga,2
Pistia_stratiotes,2
Dracunculus_vulgaris,2
Arum_maculatum,8
Amorphophallus_abyssinicus,2
Amorphophallus_johnsonii,2
Amorphophallus_paeoniifolius,2
Amorphophallus_commutatus,2
Amorphophallus_lambii,2
Narthecium_ossifragum,2
Dioscorea_togoensis,4
Dioscorea_praehensilis,4
Dioscorea_abyssinica,4
Dioscorea_alata,4
Paris_japonica,8
Trillium_grandiflorum,2
Alstroemeria_pulchra,2
Alstroemeria_angustifolia,2
Alstroemeria_pelegrina,2
Alstroemeria_aurea,2
Alstroemeria_psittacina,2
Prosartes_smithii,2
Uvularia_perfoliata,2
Uvularia_sessilifolia,2
Lapageria_rosea,2
Gagea_lutea,6
Tulipa_turkestanica,4
Notholirion_thomsonianum,2
Cardiocrinum_giganteum,2
Fritillaria_pudica,3
Fritillaria_affinis,2
Fritillaria_meleagris,2
Fritillaria_koidzumiana,2
Fritillaria_pallidiflora,2
Fritillaria_thunbergii,2
Fritillaria_persica,2
Fritillaria_sewerzowii,2
Fritillaria_imperialis,2
Fritillaria_raddeana,2
Lilium_candidum,2
Lilium_ciliatum,2
Lilium_pyrenaicum,2
Lilium_longiflorum,2
Lilium_formosanum,2
Lilium_davidii,2
Lilium_martagon,2
Blandfordia_punicea,4
Rhodohypoxis_milloides,4
Odontostomum_hartwegii,2
Freesia_alba,2
Crocus_sativus,3
Crocus_vernus,2
Gladiolus_virescens,2
Cypella_aquatilis,2
Hesperoxiphion_peruvianum,2
Sisyrinchium_longipes,4
Sisyrinchium_tinctorium,4
Sisyrinchium_californicum,4
Sisyrinchium_convolutum,4
Sisyrinchium_tenuifolium,4
Sisyrinchium_striatum,2
Sisyrinchium_cuspidatum,2
Sisyrinchium_alatum,4
Sisyrinchium_chilense,2
Sisyrinchium_patagonicum,8
Sisyrinchium_platense,6
Sisyrinchium_micranthum,6
Sisyrinchium_scabrum,4
Sisyrinchium_bellum,12
Sisyrinchium_littorale,12
Sisyrinchium_idahoense,12
Sisyrinchium_montanum,12
Moraea_inconspicua,2
Moraea_ciliata,2
Moraea_anomala,2
Moraea_bipartita,2
Moraea_fugax,2
Moraea_atropunctata,2
Moraea_unguiculata,2
Moraea_calcicola,2
Moraea_villosa,4
Iris_pseudacorus,2
Iris_pumila,4
Iris_stenophylla,2
Phormium_tenax,2
Bulbine_semibarbata,2
Aloe_barberae,2
Aloe_pillansii,2
Aloe_ciliaris,2
Aloe_plicatilis,2
Aloe_aristata,2
Gasteria_glomerata,2
Gasteria_batesiana,2
Gasteria_acinacifolia,2
Gasteria_excelsa,2
Aloe_dichotoma,2
Aloe_ferox,2
Aloe_glauca,2
Aloe_humilis,2
Aloe_jucunda,2
Aloe_sinkatana,2
Aloe_juvenna,4
Aloe_bakeri,2
Aloe_striata,2
Aloe_forbesii,2
Aloe_inermis,2
Aloe_scobinifolia,2
Aloe_vera,2
Aloe_occidentalis,2
Aloe_suprafoliata,2
Tulbaghia_violacea,2
Allium_subhirsutum,2
Allium_wallichii,2
Allium_stellatum,2
Allium_cernuum,2
Allium_unifolium,2
Allium_siculum,2
Allium_triquetrum,2
Allium_mongolicum,2
Allium_oleraceum,5
Allium_carolinianum,2
Allium_schoenoprasum,2
Allium_fistulosum,2
Allium_tuberosum,4
Allium_cepa,2
Allium_ampeloprasum,4
Allium_scorodoprasum,3
Allium_sativum,2
Allium_altaicum,2
Allium_macrostemon,4
Allium_angulosum,2
Allium_senescens,4
Allium_backhousianum,2
Allium_aflatunense,2
Allium_nigrum,2
Allium_altissimum,2
Allium_stipitatum,2
Agapanthus_campanulatus,2
Agapanthus_africanus,2
Amaryllis_belladonna,2
Nerine_bowdenii,2
Clivia_miniata,2
Leucojum_aestivum,2
Galanthus_platyphyllus,2
Galanthus_plicatus,2
Galanthus_alpinus,2
Galanthus_nivalis,2
Galanthus_ikariae,2
Galanthus_peshmenii,2
Galanthus_woronowii,2
Galanthus_lagodechianus,6
Narcissus_papyraceus,2
Narcissus_elegans,2
Narcissus_tazetta,2
Narcissus_bulbocodium,2
Narcissus_assoanus,2
Narcissus_poeticus,2
Narcissus_pseudonarcissus,2
Narcissus_calcicola,2
Narcissus_dubius,6
Narcissus_jonquilla,2
Narcissus_viridiflorus,4
Triteleia_laxa,4
Albuca_pendula,2
Bowiea_volubilis,2
Scilla_peruviana,2
Scilla_messeniaca,2
Puschkinia_scilloides,2
Hyacinthus_orientalis,2
Anemarrhena_asphodeloides,2
Camassia_cusickii,2
Camassia_quamash,2
Camassia_leichtlinii,2
Hosta_plantaginea,2
Hosta_ventricosa,4
Agave_tequilana,2
Agave_kerchovei,4
Agave_angustifolia,4
Agave_attenuata,2
Agave_potatorum,6
Agave_sisalana,6
Agave_americana,2
Sowerbaea_juncea,4
Asparagus_officinalis,2
Semele_androgyna,2
Dracaena_draco,4
Nolina_microcarpa,2
Polygonatum_odoratum,2
Liriope_muscari,6
Vanilla_planifolia,2
Phragmipedium_longifolium,2
Paphiopedilum_sukhakulii,2
Paphiopedilum_micranthum,2
Paphiopedilum_delenatii,2
Cypripedium_californicum,2
Cypripedium_formosanum,2
Cephalanthera_longifolia,2
Cephalanthera_damasonium,2
Goodyera_repens,2
Dactylorhiza_maculata,4
Dactylorhiza_fuchsii,2
Dendrobium_taurinum,2
Dendrobium_fimbriatum,2
Dendrobium_aphyllum,2
Coelogyne_flaccida,2
Coelogyne_barbata,2
Calanthe_tricarinata,2
Phalaenopsis_mannii,2
Phalaenopsis_fasciata,2
Phalaenopsis_equestris,2
Phalaenopsis_aphrodite,2
Phalaenopsis_amabilis,2
Aerides_odorata,2
Lockhartia_oerstedii,2
Oncidium_leucochilum,2
Notylia_barkeri,2
Callisia_repens,2
Callisia_fragrans,2
Tradescantia_fluminensis,10
Tradescantia_pallida,2
Eichhornia_crassipes,4
Pontederia_cordata,2
Xiphidium_caeruleum,2
Zingiber_officinale,2
Curcuma_aeruginosa,9
Curcuma_roscoeana,6
Curcuma_longa,9
Curcuma_elata,9
Curcuma_aromatica,6
Strelitzia_nicolai,2
Heliconia_rostrata,2
Musa_violascens,2
Musa_balbisiana,2
Musa_acuminata,2
Musa_velutina,2
Musa_ornata,2
Canna_indica,2
Maranta_arundinacea,4
Dasypogon_hookeri,2
Mauritiella_aculeata,2
Lepidocaryum_tenue,2
Mauritia_flexuosa,2
Nypa_fruticans,2
Caryota_urens,2
Borassus_flabellifer,2
Bismarckia_nobilis,2
Chuniophoenix_nana,2
Coccothrinax_argentata,2
Phoenix_canariensis,2
Phoenix_dactylifera,2
Washingtonia_filifera,2
Guihaia_argyrata,2
Pseudophoenix_sargentii,2
Phytelephas_aequatorialis,2
Phytelephas_macrocarpa,2
Ravenea_glauca,2
Ravenea_musicalis,2
Ravenea_hildebrandtii,2
Socratea_exorrhiza,2
Oenocarpus_bataua,2
Beccariophoenix_madagascariensis,2
Syagrus_glaucescens,2
Jubaea_chilensis,2
Syagrus_romanzoffiana,2
Cocos_nucifera,2
Elaeis_guineensis,2
Desmoncus_polyacanthos,2
Acrocomia_aculeata,2
Wendlandiella_gracilis,2
Chamaedorea_klotzschiana,2
Chamaedorea_pinnatifrons,2
Pinanga_coronata,2
Masoala_madagascariensis,2
Archontophoenix_cunninghamiana,2
Sparganium_erectum,2
Typha_latifolia,2
Pitcairnia_feliciana,2
Cryptanthus_beuckeri,2
Cryptanthus_bahianus,2
Billbergia_nutans,2
Luzula_multiflora,4
Luzula_pallescens,2
Luzula_sudetica,2
Luzula_campestris,2
Luzula_divulgata,4
Juncus_squarrosus,4
Juncus_effusus,2
Juncus_articulatus,8
Rostkovia_magellanica,6
Eriophorum_angustifolium,2
Carex_siderosticta,4
Carex_humilis,4
Carex_caryophyllea,2
Eriocaulon_aquaticum,4
Nardus_stricta,2
Lygeum_spartum,2
Glyceria_maxima,6
Glyceria_fluitans,4
Briza_maxima,2
Brachypodium_distachyon,2
Brachypodium_pinnatum,2
Brachypodium_sylvaticum,2
Bromus_carinatus,8
Bromus_marginatus,6
Bromus_coloratus,6
Bromus_ciliatus,4
Bromus_erectus,2
Bromus_inermis,8
Bromus_madritensis,4
Bromus_rubens,4
Bromus_diandrus,8
Bromus_tectorum,2
Bromus_arenarius,4
Bromus_sterilis,2
Bromus_secalinus,4
Bromus_commutatus,4
Bromus_interruptus,4
Bromus_hordeaceus,4
Bromus_alopecuros,2
Bromus_scoparius,2
Bromus_arvensis,2
Bromus_japonicus,2
Bromus_danthoniae,2
Bromus_squarrosus,2
Elymus_glaucus,4
Hordeum_brevisubulatum,4
Hordeum_murinum,2
Hordeum_secalinum,4
Hordeum_capense,4
Hordeum_marinum,2
Hordeum_bogdanii,2
Elymus_enysii,4
Hordeum_bulbosum,2
Hordeum_vulgare,2
Hordeum_parodii,6
Hordeum_tetraploidum,4
Hordeum_pubiflorum,2
Hordeum_flexuosum,2
Hordeum_chilense,2
Hordeum_stenostachys,2
Hordeum_pusillum,2
Hordeum_erectifolium,2
Hordeum_intercedens,2
Hordeum_depressum,4
Hordeum_euclaston,2
Hordeum_fuegianum,4
Hordeum_cordobense,2
Hordeum_muticum,2
Hordeum_procerum,6
Hordeum_brachyantherum,2
Hordeum_jubatum,4
Hordeum_arizonicum,6
Hordeum_comosum,2
Hordeum_patagonicum,2
Hordeum_lechleri,6
Leymus_triticoides,4
Psathyrostachys_stoloniformis,2
Psathyrostachys_juncea,2
Leymus_racemosus,4
Leymus_chinensis,4
Leymus_secalinus,4
Psathyrostachys_fragilis,2
Agropyron_desertorum,4
Agropyron_cristatum,2
Agropyron_mongolicum,2
Elymus_caninus,4
Elymus_trachycaulus,4
Elymus_canadensis,4
Elymus_lanceolatus,4
Elymus_multiflorus,6
Elymus_tenuis,8
Elymus_apricus,6
Elymus_sacandros,6
Elymus_falcis,6
Elymus_solandri,6
Thinopyrum_intermedium,6
Elymus_dahuricus,6
Elymus_repens,6
Elymus_ciliaris,4
Heteranthelium_piliferum,2
Secale_montanum,2
Secale_cereale,2
Triticum_monococcum,2
Aegilops_longissima,2
Aegilops_sharonensis,2
Aegilops_searsii,2
Aegilops_triuncialis,4
Aegilops_comosa,2
Aegilops_peregrina,4
Aegilops_kotschyi,4
Aegilops_geniculata,4
Aegilops_biuncialis,4
Aegilops_neglecta,4
Aegilops_columnaris,4
Aegilops_umbellulata,2
Aegilops_juvenalis,6
Aegilops_crassa,4
Aegilops_vavilovii,6
Aegilops_cylindrica,4
Aegilops_uniaristata,2
Aegilops_ventricosa,4
Aegilops_speltoides,2
Triticum_durum,4
Triticum_aestivum,6
Triticum_dicoccoides,4
Triticum_turgidum,4
Dactylis_glomerata,2
Cynosurus_cristatus,2
Festuca_altissima,2
Festuca_arundinacea,4
Festuca_pratensis,2
Festuca_gigantea,8
Lolium_multiflorum,2
Lolium_perenne,2
Lolium_temulentum,2
Lolium_rigidum,2
Lolium_persicum,2
Lolium_remotum,2
Festuca_altaica,4
Festuca_paniculata,2
Festuca_madida,4
Festuca_deflexa,6
Festuca_actae,6
Festuca_norica,2
Vulpia_myuros,6
Vulpia_ciliata,4
Vulpia_bromoides,2
Festuca_heterophylla,4
Festuca_rubra,6
Festuca_ampla,4
Festuca_coxii,8
Festuca_ultramafica,8
Festuca_luciarum,8
Festuca_amethystina,4
Festuca_longifolia,6
Festuca_filiformis,2
Festuca_brachyphylla,6
Festuca_alpina,2
Festuca_rupicaprina,2
Festuca_polesica,2
Festuca_ovina,2
Festuca_rupicola,6
Festuca_pallens,2
Festuca_brevipila,6
Festuca_valesiaca,2
Festuca_lemanii,6
Avenella_flexuosa,4
Aira_praecox,2
Aira_caryophyllea,4
Deschampsia_antarctica,2
Deschampsia_tenella,2
Deschampsia_chapmanii,2
Vahlodea_atropurpurea,2
Holcus_lanatus,2
Holcus_mollis,4
Mibora_minima,2
Sesleria_caerulea,4
Phalaris_coerulescens,2
Phalaris_canariensis,2
Phalaris_paradoxa,2
Phalaris_brachystachys,2
Phalaris_arundinacea,4
Lagurus_ovatus,2
Koeleria_macrantha,2
Koeleria_pyramidata,10
Trisetum_drucei,4
Trisetum_spicatum,4
Trisetum_tenellum,4
Trisetum_youngii,4
Arrhenatherum_elatius,4
Avena_strigosa,2
Avena_abyssinica,2
Avena_nuda,6
Avena_barbata,4
Avena_sterilis,6
Avena_sativa,6
Avena_fatua,6
Avena_byzantina,6
Corynephorus_canescens,2
Hierochloe_fusca,12
Hierochloe_brunonis,12
Hierochloe_equiseta,6
Amphibromus_fluitans,6
Anthoxanthum_odoratum,4
Echinopogon_ovatus,6
Briza_minor,2
Briza_media,2
Dichelachne_micrantha,10
Deyeuxia_quadriseta,8
Dichelachne_inaequiglumis,10
Dichelachne_lautumia,10
Briza_subaristata,4
Ammophila_arenaria,4
Lachnagrostis_billardierei,8
Agrostis_capillaris,4
Agrostis_magellanica,12
Agrostis_muscosa,6
Agrostis_personata,6
Agrostis_muelleriana,6
Agrostis_petriei,6
Agrostis_pallescens,6
Agrostis_imbecilla,6
Zingeria_biebersteiniana,2
Sclerochloa_dura,2
Puccinellia_stricta,2
Helictotrichon_pubescens,2
Simplicia_buchananii,4
Simplicia_laxa,4
Alopecurus_geniculatus,4
Phleum_pratense,6
Phleum_alpinum,4
Milium_effusum,4
Poa_supina,2
Poa_infirma,2
Poa_annua,4
Poa_flabellata,4
Poa_ramosissima,4
Poa_trivialis,2
Poa_matthewsii,4
Poa_imbecilla,4
Poa_colensoi,4
Poa_xenica,4
Poa_astonii,4
Poa_kirkii,4
Poa_breviglumis,4
Poa_spania,4
Poa_lindsayi,4
Poa_dipsacea,4
Poa_foliosa,4
Poa_incrassata,4
Poa_sudicola,4
Poa_cita,12
Poa_intrusa,4
Austrofestuca_littoralis,4
Microlaena_stipoides,4
Microlaena_avenacea,4
Zizania_aquatica,2
Oryza_brachyantha,2
Oryza_ridleyi,4
Oryza_latifolia,4
Oryza_australiensis,2
Oryza_punctata,2
Oryza_glaberrima,2
Oryza_barthii,2
Oryza_rufipogon,2
Oryza_sativa,2
Oryza_longistaminata,2
Isachne_globosa,6
Molinia_caerulea,4
Phragmites_australis,2
Imperata_cheesemanii,2
Tripsacum_dactyloides,2
Zea_diploperennis,2
Zea_mays,2
Saccharum_spontaneum,8
Sorghum_bicolor,2
Sorghum_versicolor,2
Vetiveria_zizanioides,2
Eremochloa_ophiuroides,2
Andropogon_gerardii,6
Paspalum_notatum,2
Paspalum_dilatatum,4
Digitaria_exilis,4
Digitaria_sanguinalis,6
Panicum_virgatum,4
Panicum_dichotomiflorum,6
Stenotaphrum_secundatum,2
Setaria_sphacelata,4
Setaria_viridis,2
Setaria_italica,2
Setaria_faberi,4
Setaria_palmifolia,4
Setaria_parviflora,4
Setaria_pumila,6
Pennisetum_clandestinum,4
Pennisetum_villosum,4
Pennisetum_mezianum,4
Chionochloa_australis,6
Chionochloa_cheesemanii,6
Chionochloa_conspicua,6
Chionochloa_flavicans,6
Chionochloa_vireta,6
Chionochloa_juncea,6
Chionochloa_rubra,6
Chionochloa_antarctica,6
Chionochloa_lanea,6
Chionochloa_crassiuscula,6
Chionochloa_spiralis,6
Chionochloa_rigida,6
Chionochloa_pallens,6
Chionochloa_flavescens,6
Chionochloa_macra,6
Cortaderia_richardii,10
Cortaderia_toetoe,10
Cortaderia_splendens,10
Cortaderia_turbaria,10
Cortaderia_fulvida,10
Danthonia_decumbens,4
Rytidosperma_maculatum,4
Rytidosperma_buchananii,4
Rytidosperma_thomsonii,2
Rytidosperma_pumilum,2
Rytidosperma_gracile,2
Rytidosperma_petrosum,4
Rytidosperma_setifolium,2
Rytidosperma_unarede,4
Rytidosperma_clavatum,2
Zoysia_japonica,4
Eleusine_kigeziensis,4
Eleusine_coracana,4
Eleusine_tristachya,2
Eleusine_indica,2
Cynodon_dactylon,6
Chloris_gayana,2
Buchloe_dactyloides,4
Asarum_europaeum,2
Asarum_caudatum,2
Saururus_cernuus,2
Peperomia_metallica,3
Peperomia_glabella,2
Peperomia_blanda,2
Piper_longum,4
Piper_betle,4
Piper_nigrum,4
Piper_arboreum,2
Piper_cernuum,2
Cinnamomum_camphora,2
Persea_americana,2
Persea_indica,2
Ocotea_foetens,4
Liriodendron_tulipifera,2
Magnolia_kobus,2
Cananga_odorata,2
Polyalthia_suberosa,2
Polyalthia_longifolia,2
Annona_squamosa,2
Annona_reticulata,2
Annona_glabra,4
Trochodendron_aralioides,2
Nelumbo_nucifera,2
Platanus_orientalis,2
Grevillea_robusta,2
Fumaria_muralis,4
Eschscholzia_californica,2
Chelidonium_majus,2
Papaver_hybridum,2
Papaver_nudicaule,2
Papaver_atlanticum,2
Papaver_dubium,2
Papaver_rhoeas,2
Papaver_orientale,6
Papaver_somniferum,2
Nandina_domestica,2
Berberis_vulgaris,2
Berberis_darwinii,2
Berberis_buxifolia,4
Berberis_empetrifolia,2
Aquilegia_alpina,2
Caltha_palustris,7
Eranthis_hyemalis,2
Nigella_damascena,2
Nigella_sativa,2
Helleborus_foetidus,2
Helleborus_lividus,2
Helleborus_niger,4
Helleborus_thibetanus,2
Helleborus_orientalis,2
Helleborus_multifidus,2
Helleborus_viridis,2
Helleborus_purpurascens,2
Helleborus_torquatus,2
Helleborus_dumetorum,2
Helleborus_atrorubens,2
Helleborus_odorus,2
Anemone_pavonina,2
Anemone_caroliniana,2
Anemone_decapetala,2
Anemone_nemorosa,4
Anemone_cylindrica,2
Anemone_sylvestris,2
Anemone_parviflora,2
Anemone_flaccida,2
Hepatica_insularis,2
Hepatica_nobilis,2
Clematis_vitalba,2
Ranunculus_lapponicus,2
Myosurus_minimus,2
Ranunculus_aconitifolius,2
Ranunculus_glacialis,2
Ranunculus_alpestris,2
Ranunculus_crenatus,2
Ranunculus_gramineus,2
Ranunculus_gmelinii,8
Ranunculus_cardiophyllus,8
Ranunculus_nivalis,6
Ranunculus_adoneus,2
Ranunculus_rhomboideus,2
Ranunculus_abortivus,2
Ranunculus_affinis,4
Ranunculus_carpaticola,2
Ranunculus_cassubicifolius,2
Ranunculus_auricomus,4
Ranunculus_insignis,6
Ranunculus_biternatus,6
Ranunculus_sceleratus,4
Ranunculus_sphaerospermus,2
Ranunculus_trichophyllus,4
Ranunculus_penicillatus,4
Ranunculus_circinatus,4
Ranunculus_baudotii,4
Ranunculus_thora,2
Ranunculus_lateriflorus,2
Ranunculus_ophioglossifolius,2
Ranunculus_reptans,4
Ranunculus_flammula,4
Ranunculus_arvensis,4
Ranunculus_fascicularis,4
Ranunculus_pensylvanicus,2
Ranunculus_bulbosus,2
Ranunculus_sardous,2
Ranunculus_nemorosus,2
Ranunculus_polyanthemos,2
Ranunculus_multifidus,8
Ranunculus_macounii,6
Ranunculus_repens,4
Ranunculus_hispidus,4
Ranunculus_trilobus,6
Ranunculus_muricatus,6
Ranunculus_marginatus,4
Ranunculus_constantinopolitanus,6
Ranunculus_parviflorus,4
Ranunculus_chius,2
Ranunculus_velutinus,2
Ranunculus_uncinatus,4
Ranunculus_californicus,4
Ranunculus_serbicus,4
Ranunculus_lanuginosus,4
Ranunculus_acris,2
Ranunculus_recurvatus,4
Ranunculus_cortusifolius,2
Ranunculus_gregarius,2
Ranunculus_asiaticus,2
Ranunculus_creticus,2
Ranunculus_illyricus,4
Ranunculus_millefoliatus,2
Ranunculus_psilostachys,2
Ranunculus_gouanii,2
Ranunculus_montanus,4
Paeonia_californica,2
Paeonia_lutea,2
Paeonia_delavayi,2
Paeonia_rockii,2
Paeonia_clusii,4
Paeonia_anomala,2
Paeonia_veitchii,2
Paeonia_peregrina,4
Paeonia_tenuifolia,2
Paeonia_mascula,2
Paeonia_officinalis,4
Myriophyllum_alterniflorum,4
Myriophyllum_spicatum,2
Sedum_spurium,4
Sedum_rupestre,4
Sedum_sediforme,2
Aeonium_urbicum,4
Ribes_petraeum,2
Ribes_rubrum,2
Ribes_alpinum,2
Saxifraga_granulata,2
Parthenocissus_tricuspidata,2
Vitis_coignetiae,2
Vitis_rupestris,2
Vitis_labrusca,2
Vitis_vulpina,2
Vitis_flexuosa,2
Vitis_amurensis,2
Vitis_vinifera,2
Vitis_aestivalis,2
Vitis_riparia,2
Chamerion_angustifolium,2
Epilobium_hirsutum,2
Epilobium_tetragonum,2
Epilobium_obscurum,2
Epilobium_ciliatum,2
Epilobium_palustre,2
Clarkia_concinna,2
Clarkia_xantiana,2
Oenothera_biennis,2
Terminalia_bellirica,4
Terminalia_chebula,4
Terminalia_myriocarpa,2
Terminalia_arjuna,2
Terminalia_muelleri,3
Punica_granatum,2
Woodfordia_fruticosa,2
Lawsonia_inermis,4
Psidium_guajava,2
Syzygium_cumini,2
Eucalyptus_pellita,2
Eucalyptus_urophylla,2
Eucalyptus_tereticornis,2
Eucalyptus_camaldulensis,2
Eucalyptus_grandis,2
Eucalyptus_globulus,2
Eucalyptus_dunnii,2
Limnanthes_douglasii,2
Reseda_luteola,2
Carica_papaya,2
Tropaeolum_majus,4
Aethionema_grandiflorum,2
Chorispora_tenella,2
Parrya_nudicaulis,2
Thlaspi_arvense,2
Alliaria_petiolata,4
Lepidium_virginicum,4
Lepidium_apetalum,4
Lepidium_sativum,3
Cardamine_flexuosa,4
Cardamine_amara,2
Hornungia_petraea,2
Cochlearia_tatrae,6
Cochlearia_officinalis,4
Cochlearia_pyrenaica,2
Neslia_paniculata,2
Arabidopsis_thaliana,2
Arabidopsis_halleri,2
Arabidopsis_arenosa,2
Arabidopsis_suecica,4
Arabidopsis_lyrata,2
Euclidium_syriacum,2
Crucihimalaya_wallichii,2
Olimarabidopsis_pumila,4
Turritis_glabra,2
Biscutella_didyma,2
Matthiola_incana,2
Matthiola_fruticulosa,2
Bunias_orientalis,2
Christolea_crassifolia,2
Aubrieta_deltoidea,2
Arabis_hirsuta,4
Fibigia_clypeata,2
Berteroa_incana,2
Thlaspi_perfoliatum,2
Myagrum_perfoliatum,2
Tauscheria_lasiocarpa,2
Boreava_orientalis,2
Calepina_irregularis,2
Bunias_erucago,2
Carrichtera_annua,2
Hirschfeldia_incana,2
Orychophragmus_violaceus,2
Conringia_planisiliqua,2
Sisymbrium_irio,4
Sisymbrium_officinale,2
Sisymbrium_austriacum,2
Crambe_maritima,4
Sinapis_alba,3
Diplotaxis_catholica,2
Brassica_tournefortii,2
Brassica_carinata,4
Sinapis_arvensis,2
Brassica_nigra,2
Schouwia_purpurea,2
Brassica_rapa,2
Brassica_juncea,4
Brassica_napus,4
Raphanus_sativus,2
Diplotaxis_erucoides,2
Thlaspi_montanum,2
Arabis_alpina,2
Draba_lactea,4
Draba_subcapitata,2
Draba_nivalis,2
Draba_fladnizensis,2
Bixa_orellana,2
Amoreuxia_wrightii,2
Helianthemum_nummularium,4
Cistus_ladanifer,2
Halimium_umbellatum,2
Cistus_crispus,2
Cistus_symphytifolius,2
Cistus_albidus,2
Cistus_creticus,2
Cistus_clusii,2
Cistus_libanotis,2
Cistus_salviifolius,2
Cistus_monspeliensis,2
Cistus_parviflorus,2
Cistus_laurifolius,2
Theobroma_cacao,2
Corchorus_capsularis,2
Corchorus_olitorius,2
Ceiba_pentandra,2
Thespesia_thespesioides,2
Lebronnecia_kokioides,2
Thespesia_populnea,2
Cienfuegosia_tripartita,2
Hampea_appendiculata,2
Gossypioides_kirkii,2
Kokia_drynarioides,2
Gossypium_cunninghamii,2
Gossypium_stocksii,2
Gossypium_somalense,2
Gossypium_sturtianum,2
Gossypium_robinsonii,2
Gossypium_nelsonii,2
Gossypium_bickii,2
Gossypium_australe,2
Gossypium_gossypioides,2
Gossypium_longicalyx,2
Gossypium_triphyllum,2
Gossypium_anomalum,2
Gossypium_herbaceum,2
Gossypium_arboreum,2
Gossypium_tomentosum,2
Gossypium_hirsutum,4
Gossypium_darwinii,2
Gossypium_barbadense,2
Gossypium_davidsonii,2
Gossypium_turneri,2
Gossypium_thurberi,2
Gossypium_trilobum,2
Gossypium_raimondii,2
Abutilon_theophrasti,6
Malva_sylvestris,6
Malva_parviflora,2
Mangifera_indica,4
Aesculus_hippocastanum,2
Acer_carpinifolium,4
Acer_pseudoplatanus,4
Sapindus_trifoliatus,2
Blighia_sapida,2
Schmardaea_microphylla,2
Neochamaelea_pulverulenta,4
Murraya_koenigii,2
Murraya_paniculata,2
Aegle_marmelos,2
Atalantia_ceylanica,2
Severinia_buxifolia,2
Citrus_limon,2
Citrus_medica,2
Citrus_reticulata,2
Citrus_aurantium,2
Citrus_sinensis,2
Casimiroa_edulis,4
Sisyndite_spartea,2
Bulnesia_arborea,2
Pintoa_chilensis,2
Larrea_divaricata,2
Larrea_tridentata,2
Larrea_nitida,2
Larrea_cuneifolia,4
Canotia_holacantha,2
Oxalis_acetosella,2
Oxalis_tuberosa,8
Cephalotus_follicularis,2
Bridelia_retusa,2
Linum_usitatissimum,2
Hypericum_perforatum,4
Hypericum_reflexum,2
Passiflora_foetida,2
Passiflora_caerulea,2
Passiflora_mucronata,2
Passiflora_galbana,2
Passiflora_quadrangularis,2
Passiflora_edulis,2
Passiflora_nitida,2
Passiflora_coccinea,2
Passiflora_suberosa,4
Salix_fragilis,4
Salix_alba,4
Salix_triandra,2
Salix_caprea,2
Salix_cinerea,4
Salix_purpurea,2
Salix_viminalis,2
Mercurialis_annua,2
Mercurialis_perennis,8
Hevea_brasiliensis,2
Manihot_esculenta,2
Jatropha_curcas,2
Hura_crepitans,4
Euphorbia_peplus,2
Euphorbia_atropurpurea,2
Euphorbia_obesa,2
Euphorbia_pulcherrima,4
Coriaria_myrtifolia,8
Momordica_charantia,2
Cucurbita_lundelliana,2
Cucurbita_ficifolia,2
Benincasa_hispida,2
Lagenaria_siceraria,2
Cucumis_sativus,2
Cucumis_metuliferus,2
Cucumis_ficifolius,2
Cucumis_dipsaceus,2
Cucumis_prophetarum,2
Cucumis_africanus,2
Fagus_sylvatica,2
Quercus_ilex,2
Quercus_coccifera,2
Quercus_suber,2
Quercus_cerris,2
Quercus_petraea,2
Quercus_robur,2
Quercus_pubescens,2
Casuarina_equisetifolia,2
Casuarina_glauca,2
Allocasuarina_verticillata,2
Alnus_glutinosa,2
Corylus_avellana,2
Betula_populifolia,2
Betula_pubescens,4
Frangula_alnus,2
Urtica_dioica,4
Ulmus_glabra,2
Cannabis_sativa,2
Humulus_japonicus,2
Celtis_australis,4
Ficus_religiosa,2
Ficus_pumila,2
Ficus_racemosa,2
Ficus_rumphii,2
Ficus_elastica,2
Ficus_benjamina,2
Ficus_retusa,2
Ficus_trigonata,2
Rubus_chamaemorus,8
Rubus_occidentalis,2
Rubus_niveus,2
Rubus_lasiostylus,2
Rubus_innominatus,2
Rubus_ellipticus,2
Rubus_crataegifolius,2
Rubus_sanctus,2
Rubus_canescens,2
Rubus_hispidus,2
Rubus_canadensis,2
Rubus_trivialis,2
Sanguisorba_minor,4
Rosa_persica,2
Rosa_bracteata,2
Rosa_banksiae,2
Rosa_xanthina,2
Rosa_sericea,2
Rosa_gallica,4
Rosa_canina,5
Rosa_arvensis,2
Rosa_roxburghii,2
Rosa_laevigata,2
Rosa_chinensis,2
Rosa_sempervirens,2
Rosa_foetida,4
Rosa_spinosissima,4
Rosa_acicularis,6
Rosa_moyesii,6
Rosa_bella,4
Rosa_fedtschenkoana,4
Rosa_rugosa,2
Rosa_willmottiae,2
Rosa_foliolosa,2
Rosa_virginiana,4
Rosa_blanda,3
Rosa_nitida,2
Fragaria_viridis,2
Fragaria_moschata,6
Fragaria_virginiana,8
Aphanes_arvensis,6
Dryas_octopetala,2
Spiraea_pubescens,4
Neviusia_alabamensis,2
Prinsepia_uniflora,4
Exochorda_giraldii,2
Prunus_serotina,4
Prunus_subhirtella,2
Prunus_webbii,2
Prunus_dulcis,2
Prunus_davidiana,2
Prunus_persica,2
Prunus_domestica,6
Prunus_armeniaca,2
Prunus_hortulana,2
Prunus_angustifolia,2
Prunus_tomentosa,2
Sorbus_aucuparia,2
Mespilus_germanica,2
Amelanchier_alnifolia,4
Crataegus_laevigata,2
Crataegus_monogyna,2
Crataegus_pinnatifida,2
Crataegus_songarica,4
Crataegus_phaenopyrum,3
Crataegus_spathulata,2
Crataegus_suksdorfii,2
Crataegus_wilsonii,2
Crataegus_wattiana,3
Crataegus_viridis,2
Crataegus_chrysocarpa,3
Crataegus_calpodendron,2
Crataegus_uniflora,4
Cydonia_oblonga,2
Chaenomeles_speciosa,2
Pyracantha_coccinea,2
Pyrus_calleryana,2
Eriobotrya_japonica,2
Stylobasium_spathulatum,2
Bauhinia_monandra,2
Bauhinia_tomentosa,2
Bauhinia_galpinii,2
Bauhinia_purpurea,2
Acacia_fimbriata,2
Saraca_indica,2
Caesalpinia_pulcherrima,2
Caesalpinia_coriaria,2
Cassia_fistula,2
Gleditsia_sinensis,2
Parkinsonia_aculeata,2
Prosopis_pallida,2
Prosopis_glandulosa,2
Leucaena_trichodes,2
Leucaena_shannonii,2
Leucaena_retusa,2
Leucaena_greggii,2
Leucaena_diversifolia,2
Leucaena_pulverulenta,2
Acacia_nilotica,2
Acacia_tortilis,2
Acacia_drepanolobium,4
Acacia_seyal,8
Acacia_catechu,2
Acacia_caffra,2
Acacia_senegal,2
Acacia_modesta,2
Prosopis_juliflora,2
Acacia_greggii,2
Acacia_ligulata,2
Acacia_victoriae,2
Acacia_falciformis,2
Acacia_podalyriifolia,2
Acacia_dealbata,2
Acacia_mearnsii,2
Acacia_irrorata,2
Acacia_melanoxylon,2
Acacia_maidenii,2
Acacia_orites,2
Acacia_cincinnata,2
Acacia_aulacocarpa,2
Acacia_leiocalyx,2
Arachis_hypogaea,4
Dalbergia_melanoxylon,2
Dalbergia_sissoo,2
Crotalaria_pallida,2
Crotalaria_incana,2
Crotalaria_lanceolata,2
Crotalaria_retusa,2
Lupinus_pilosus,2
Lupinus_cosentinii,2
Lupinus_palaestinus,2
Lupinus_atlanticus,2
Lupinus_princei,2
Lupinus_digitatus,2
Lupinus_angustifolius,2
Lupinus_hispanicus,2
Lupinus_micranthus,2
Lupinus_mutabilis,2
Laburnum_anagyroides,4
Adenocarpus_foliolosus,4
Adenocarpus_viscosus,4
Cytisus_scoparius,4
Cytisus_purpureus,4
Ulex_europaeus,6
Tephrosia_villosa,2
Lonchocarpus_hughesii,2
Lonchocarpus_rugosus,2
Lonchocarpus_lanceolatus,2
Lonchocarpus_minimiflorus,2
Lonchocarpus_eriocarinalis,2
Lonchocarpus_hermannii,2
Flemingia_macrophylla,2
Rhynchosia_minima,2
Cajanus_lineatus,2
Cajanus_cajan,2
Psophocarpus_tetragonolobus,2
Erythrina_fusca,2
Erythrina_lysistemon,2
Vigna_unguiculata,2
Vigna_vexillata,2
Vigna_subterranea,2
Vigna_luteola,2
Vigna_mungo,2
Vigna_angularis,2
Vigna_trilobata,2
Phaseolus_microcarpus,2
Phaseolus_filiformis,2
Phaseolus_acutifolius,2
Phaseolus_coccineus,2
Phaseolus_vulgaris,2
Phaseolus_maculatus,2
Phaseolus_augustii,2
Phaseolus_lunatus,2
Glycine_max,2
Glycine_microphylla,2
Glycine_canescens,2
Glycine_tabacina,2
Glycine_latrobeana,2
Glycine_clandestina,2
Bituminaria_bituminosa,2
Robinia_pseudoacacia,2
Anthyllis_vulneraria,2
Lotus_uliginosus,2
Lotus_pedunculatus,2
Lotus_alpinus,2
Lotus_palustris,2
Lotus_filicaulis,2
Lotus_schoelleri,2
Lotus_tenuis,2
Lotus_borbasii,2
Lotus_corniculatus,2
Lotus_burttii,2
Lotus_japonicus,2
Lotus_krylovii,2
Lotus_edulis,2
Lotus_cytisoides,2
Lotus_campylocladus,2
Lotus_glaucus,2
Lotus_arenarius,2
Caragana_arborescens,2
Colutea_arborescens,2
Mimosa_pudica,4
Cicer_pinnatifidum,2
Cicer_judaicum,2
Cicer_arietinum,2
Cicer_echinospermum,2
Cicer_reticulatum,2
Vicia_hirsuta,2
Vicia_articulata,2
Vicia_monantha,2
Vicia_ludoviciana,2
Vicia_disperma,2
Vicia_villosa,2
Vicia_benghalensis,2
Vicia_tenuifolia,4
Vicia_cracca,2
Lens_culinaris,2
Vicia_orobus,2
Vicia_cassubica,2
Vicia_unijuga,2
Vicia_amoena,2
Vicia_bithynica,2
Vicia_peregrina,2
Vicia_noeana,2
Vicia_pannonica,2
Vicia_lathyroides,2
Vicia_ervilia,2
Vicia_lutea,2
Vicia_dumetorum,2
Vicia_narbonensis,2
Vicia_faba,2
Vicia_hybrida,2
Vicia_epetiolaris,2
Vicia_cuspidata,2
Vicia_sepium,2
Vicia_grandiflora,2
Vicia_sativa,2
Vicia_tetrasperma,2
Lathyrus_ochrus,2
Lathyrus_clymenum,2
Lathyrus_nissolia,2
Lathyrus_sphaericus,2
Pisum_sativum,2
Lathyrus_digitatus,2
Lathyrus_tingitanus,2
Lathyrus_setifolius,2
Lathyrus_sativus,2
Lathyrus_cicera,2
Lathyrus_sylvestris,2
Lathyrus_heterophyllus,2
Lathyrus_odoratus,2
Lathyrus_hirsutus,2
Lathyrus_latifolius,2
Lathyrus_tuberosus,2
Lathyrus_pratensis,4
Lathyrus_aphaca,2
Lathyrus_niger,2
Lathyrus_laevigatus,2
Lathyrus_vestitus,2
Trigonella_stellata,2
Melilotus_officinalis,2
Medicago_lupulina,2
Medicago_truncatula,2
Medicago_sativa,2
Medicago_arborea,4
Trifolium_aureum,2
Trifolium_campestre,2
Trifolium_dubium,4
Trifolium_subterraneum,2
Trifolium_hirtum,2
Trifolium_striatum,2
Trifolium_incarnatum,2
Trifolium_pratense,2
Trifolium_medium,10
Trifolium_arvense,2
Trifolium_lappaceum,2
Trifolium_hybridum,2
Trifolium_alexandrinum,2
Trifolium_fragiferum,2
Trifolium_resupinatum,2
Trifolium_tomentosum,2
Trifolium_semipilosum,2
Trifolium_burchellianum,6
Trifolium_africanum,4
Trifolium_rueppellianum,2
Trifolium_simense,4
Trifolium_ambiguum,6
Trifolium_glomeratum,2
Trifolium_nigrescens,2
Trifolium_repens,4
Trifolium_willdenovii,2
Trifolium_variegatum,2
Gunnera_manicata,2
Ximenia_americana,2
Nuytsia_floribunda,2
Lysiana_exocarpi,2
Macrosolen_cochinchinensis,2
Alepis_flavida,2
Tupeia_antarctica,2
Muellerina_eucalyptoides,2
Ileostylus_micranthus,2
Amyema_maidenii,2
Amyema_congener,2
Benthamina_alyxifolia,2
Diplatia_furcata,2
Decaisnina_hollrungii,2
Dendrophthoe_vitellina,2
Viscum_album,2
Drosera_binata,3
Drosera_rotundifolia,2
Drosera_intermedia,2
Drosera_capensis,4
Drosophyllum_lusitanicum,2
Limonium_sinuatum,2
Fallopia_multiflora,2
Fallopia_japonica,4
Fallopia_sachalinensis,4
Fallopia_baldschuanica,2
Fallopia_convolvulus,4
Fallopia_dumetorum,2
Polygonum_maritimum,2
Polygonum_aviculare,4
Rumex_crispus,6
Rumex_obtusifolius,4
Rumex_lunaria,4
Rumex_acetosella,4
Rumex_acetosa,2
Phytolacca_dioica,4
Phytolacca_americana,4
Bougainvillea_spectabilis,2
Bougainvillea_glabra,2
Montia_fontana,2
Pereskia_grandifolia,2
Opuntia_dillenii,6
Mammillaria_plumosa,2
Herniaria_glabra,2
Arenaria_serpyllifolia,4
Stellaria_media,7
Stellaria_holostea,2
Cerastium_arcticum,6
Cerastium_alpinum,4
Cerastium_arvense,2
Cerastium_latifolium,2
Cerastium_banaticum,2
Gypsophila_repens,2
Silene_chalcedonica,2
Silene_nutans,2
Silene_dioica,2
Silene_latifolia,2
Silene_pendula,2
Silene_vulgaris,2
Bosea_yervamora,4
Celosia_trigyna,2
Celosia_cristata,4
Celosia_argentea,4
Amaranthus_tricolor,2
Amaranthus_spinosus,2
Amaranthus_retroflexus,2
Amaranthus_cruentus,2
Amaranthus_caudatus,2
Amaranthus_hypochondriacus,2
Beta_vulgaris,2
Spinacia_oleracea,2
Chenopodium_murale,2
Chenopodium_album,2
Chenopodium_giganteum,6
Atriplex_portulacoides,4
Atriplex_truncata,2
Atriplex_hortensis,2
Atriplex_patula,4
Atriplex_prostrata,2
Atriplex_halimus,2
Atriplex_rosea,2
Suaeda_maritima,4
Salicornia_europaea,2
Salsola_soda,2
Berberidopsis_corallina,6
Cornus_sanguinea,2
Hydrangea_macrophylla,2
Hydrangea_paniculata,2
Hydrangea_quercifolia,2
Hydrangea_arborescens,2
Hydrangea_aspera,2
Hydrangea_anomala,2
Impatiens_glandulifera,2
Impatiens_balsamina,2
Cyclamen_persicum,2
Anagallis_arvensis,4
Primula_vulgaris,2
Fouquieria_splendens,4
Camellia_sinensis,2
Planchonella_eerwah,2
Roridula_gorgonias,2
Actinidia_arguta,4
Actinidia_polygama,6
Actinidia_kolomikta,6
Actinidia_eriantha,6
Actinidia_chinensis,2
Actinidia_deliciosa,6
Barringtonia_acutangula,2
Navarretia_squarrosa,2
Empetrum_hermaphroditum,4
Empetrum_nigrum,2
Vaccinium_elliottii,2
Vaccinium_corymbosum,2
Vaccinium_tenellum,2
Vaccinium_pallidum,2
Ilex_paraguariensis,4
Ilex_aquifolium,4
Ilex_argentina,8
Escallonia_rubra,2
Adoxa_moschatellina,4
Sambucus_nigra,2
Sambucus_racemosa,2
Viburnum_opulus,2
Lonicera_xylosteum,2
Lonicera_nigra,2
Pterocephalus_lasiospermus,2
Scabiosa_columbaria,2
Succisa_pratensis,2
Hedera_helix,4
Hedera_colchica,8
Pittosporum_tenuifolium,2
Eryngium_giganteum,2
Bupleurum_fruticosum,2
Bupleurum_candollei,2
Bupleurum_salicifolium,4
Bupleurum_falcatum,2
Oenanthe_crocata,2
Oenanthe_fistulosa,2
Myrrhis_odorata,2
Anthriscus_sylvestris,2
Astrodaucus_littoralis,2
Astrodaucus_orientalis,2
Torilis_japonica,2
Torilis_nodosa,2
Torilis_arvensis,2
Ferula_communis,2
Cuminum_cyminum,2
Daucus_carota,2
Daucus_littoralis,2
Crithmum_maritimum,2
Carum_carvi,2
Pimpinella_saxifraga,2
Anethum_graveolens,2
Foeniculum_vulgare,2
Pastinaca_sativa,2
Levisticum_officinale,2
Pratia_angulata,10
Canarina_canariensis,4
Musschia_aurea,4
Campanula_rotundifolia,2
Schizogyne_sericea,2
Vieraea_laevigata,2
Inula_conyza,4
Chardinia_orientalis,2
Xeranthemum_cylindraceum,2
Xeranthemum_annuum,2
Xeranthemum_inapertum,2
Tolpis_crassiuscula,2
Krigia_virginica,2
Pyrrhopappus_carolinianus,2
Agoseris_retrorsa,2
Agoseris_heterophylla,2
Agoseris_grandiflora,2
Microseris_borealis,2
Microseris_sylvatica,2
Microseris_nutans,2
Microseris_laciniata,2
Microseris_douglasii,2
Microseris_bigelovii,2
Microseris_elegans,2
Acantholepis_orientalis,2
Echinops_strigosus,2
Echinops_viscosus,2
Echinops_spinosissimus,2
Echinops_bannaticus,2
Echinops_exaltatus,2
Echinops_sphaerocephalus,2
Staehelina_dubia,2
Onopordum_acanthium,2
Cirsium_palustre,2
Cirsium_heterophyllum,2
Cirsium_oleraceum,2
Cirsium_canum,2
Cirsium_arvense,2
Cirsium_vulgare,4
Cirsium_spinosissimum,2
Carthamus_persicus,2
Carthamus_tinctorius,2
Carthamus_nitidus,2
Carthamus_dentatus,2
Carthamus_lanatus,4
Carthamus_glaucus,2
Carthamus_tenuis,2
Centaurea_scabiosa,2
Centaurea_solstitialis,2
Centaurea_jacea,4
Centaurea_alba,2
Centaurea_diffusa,2
Centaurea_deusta,2
Tragopogon_porrifolius,2
Tragopogon_dubius,2
Tragopogon_pratensis,2
Hieracium_pilosella,2
Hieracium_hoppeanum,2
Hieracium_lactucella,2
Hieracium_aurantiacum,4
Hieracium_floribundum,4
Hieracium_piloselloides,4
Hieracium_cymosum,2
Hieracium_caespitosum,4
Hieracium_echioides,2
Mycelis_muralis,2
Lactuca_indica,2
Lactuca_viminea,2
Lactuca_virosa,2
Lactuca_saligna,2
Lactuca_sativa,2
Lactuca_serriola,2
Lactuca_perennis,2
Lactuca_biennis,4
Lactuca_canadensis,4
Taraxacum_serotinum,2
Taraxacum_bessarabicum,2
Lapsana_communis,2
Crepis_sancta,2
Crepis_froelichiana,2
Crepis_pulchra,2
Crepis_palaestina,2
Crepis_tectorum,2
Crepis_paludosa,2
Crepis_alpina,2
Crepis_zacintha,2
Crepis_foetida,2
Crepis_rubra,2
Crepis_capillaris,2
Crepis_biennis,8
Crepis_aurea,2
Crepis_setosa,2
Taraxacum_officinale,3
Hypochaeris_robertia,2
Picris_hieracioides,2
Leontodon_hispidus,2
Leontodon_taraxacoides,2
Hypochaeris_oligocephala,2
Hypochaeris_maculata,2
Hypochaeris_microcephala,2
Hypochaeris_pampasica,2
Hypochaeris_megapotamica,2
Hypochaeris_chillensis,2
Reichardia_ligulata,2
Reichardia_picroides,2
Sonchus_hierrensis,2
Sonchus_capillaris,2
Sonchus_radicatus,2
Sonchus_congestus,2
Sonchus_acaulis,2
Sonchus_canariensis,2
Dendroseris_micrantha,4
Dendroseris_litoralis,4
Sonchus_asper,2
Cotula_coronopifolia,2
Senecio_pterophorus,2
Tussilago_farfara,2
Pericallis_cruenta,6
Senecio_minimus,6
Senecio_cunninghamii,6
Senecio_hispidulus,6
Senecio_anethifolius,6
Senecio_squarrosus,6
Senecio_glomeratus,6
Senecio_gregorii,4
Senecio_macranthus,4
Senecio_quadridentatus,4
Senecio_gunnii,4
Senecio_vulgaris,4
Senecio_vernalis,4
Senecio_rupestris,4
Senecio_squalidus,2
Senecio_inaequidens,2
Senecio_lautus,4
Aster_tripolium,2
Bellis_perennis,2
Rudbeckia_hirta,2
Tripleurospermum_maritimum,2
Artemisia_tridentata,2
Artemisia_dracunculus,2
Artemisia_scoparia,2
Artemisia_santolinifolia,2
Artemisia_afra,2
Artemisia_annua,2
Artemisia_abrotanum,2
Artemisia_campestris,2
Artemisia_frigida,2
Artemisia_sieversiana,2
Artemisia_absinthium,2
Artemisia_vulgaris,2
Artemisia_princeps,6
Artemisia_stelleriana,2
Leucanthemum_vulgare,4
Chamaemelum_nobile,2
Argyranthemum_frutescens,2
Chrysanthemum_segetum,2
Matricaria_matricarioides,2
Matricaria_chamomilla,2
Tanacetum_vulgare,2
Anacyclus_clavatus,2
Achillea_ptarmica,2
Achillea_macrophylla,2
Achillea_clavennae,2
Achillea_nobilis,2
Achillea_pannonica,8
Achillea_collina,4
Achillea_millefolium,6
Achillea_filipendulina,2
Achillea_biebersteinii,2
Achillea_grandifolia,2
Achillea_clypeolata,2
Achillea_setacea,2
Achillea_distans,6
Cosmos_bipinnatus,2
Cosmos_sulphureus,2
Tagetes_patula,4
Guizotia_abyssinica,2
Galinsoga_parviflora,2
Helianthus_heterophyllus,2
Helianthus_anomalus,2
Helianthus_agrestis,2
Helianthus_annuus,2
Helianthus_bolanderi,2
Helianthus_argophyllus,2
Helianthus_tuberosus,6
Helianthus_divaricatus,2
Helianthus_radula,2
Helianthus_angustifolius,2
Helianthus_microcephalus,2
Helianthus_giganteus,2
Eclipta_prostrata,2
Dahlia_merckii,4
Dahlia_coccinea,4
Calycadenia_pauciflora,2
Eucommia_ulmoides,2
Borago_officinalis,2
Echium_strictum,2
Nemophila_menziesii,2
Blackstonia_perfoliata,4
Ceropegia_woodii,4
Periploca_laevigata,2
Paederia_scandens,4
Plocama_pendula,4
Rubia_fruticosa,4
Galium_saxatile,4
Galium_verum,4
Phyllis_nobla,2
Galopina_circaeoides,2
Nenax_microphylla,2
Coprosma_repens,4
Coprosma_robusta,4
Nertera_granadensis,4
Bouvardia_ternifolia,8
Haldina_cordifolia,4
Adina_pilulifera,4
Nauclea_orientalis,8
Hamelia_patens,2
Crossopteryx_febrifuga,2
Vangueria_infausta,4
Psilanthus_ebracteolatus,2
Coffea_salvatrix,2
Coffea_racemosa,2
Coffea_stenophylla,2
Coffea_eugenioides,2
Coffea_arabica,4
Coffea_congensis,2
Coffea_kapakata,2
Coffea_canephora,2
Coffea_liberica,2
Aidia_micrantha,2
Montinia_caryophyllacea,2
Cuscuta_campestris,8
Calystegia_sepium,2
Ipomoea_aquatica,2
Ipomoea_tiliacea,4
Ipomoea_batatas,4
Ipomoea_wrightii,2
Ipomoea_purpurea,2
Ipomoea_nil,2
Petunia_bajeensis,2
Petunia_riograndensis,2
Petunia_occidentalis,2
Petunia_exserta,2
Petunia_axillaris,2
Petunia_mantiqueirensis,2
Petunia_altiplana,2
Petunia_interior,2
Petunia_scheideana,2
Petunia_guarapuavensis,2
Petunia_integrifolia,2
Petunia_bonjardinensis,2
Petunia_littoralis,2
Nicotiana_glutinosa,2
Nicotiana_undulata,2
Nicotiana_benavidesii,2
Nicotiana_solanifolia,2
Nicotiana_paniculata,2
Nicotiana_rustica,4
Nicotiana_knightiana,2
Nicotiana_trigonophylla,2
Nicotiana_quadrivalvis,4
Nicotiana_linearis,2
Nicotiana_miersii,2
Nicotiana_corymbosa,2
Nicotiana_attenuata,2
Nicotiana_acuminata,2
Nicotiana_sylvestris,2
Nicotiana_obtusifolia,2
Nicotiana_tabacum,4
Nicotiana_otophora,2
Nicotiana_tomentosa,2
Nicotiana_tomentosiformis,2
Nicotiana_nudicaulis,4
Nicotiana_repanda,4
Nicotiana_stocktonii,4
Nicotiana_glauca,2
Nicotiana_acaulis,2
Nicotiana_petunioides,2
Nicotiana_noctiflora,2
Nicotiana_plumbaginifolia,2
Nicotiana_longiflora,2
Nicotiana_forgetiana,2
Nicotiana_bonariensis,2
Nicotiana_langsdorffii,2
Nicotiana_alata,2
Nicotiana_fragrans,4
Nicotiana_debneyi,4
Nicotiana_occidentalis,4
Nicotiana_maritima,4
Nicotiana_benthamiana,4
Nicotiana_excelsior,4
Nicotiana_gossei,4
Nicotiana_goodspeedii,4
Nicotiana_exigua,4
Hyoscyamus_muticus,2
Hyoscyamus_niger,2
Hyoscyamus_albus,4
Lycium_chilense,2
Lycium_elongatum,2
Datura_discolor,2
Datura_quercifolia,2
Capsicum_frutescens,2
Capsicum_annuum,2
Capsicum_baccatum,2
Capsicum_chacoense,2
Withania_somnifera,4
Solanum_etuberosum,2
Solanum_pinnatisectum,2
Solanum_tuberosum,2
Solanum_nodiflorum,2
Solanum_dulcamara,2
Solanum_seaforthianum,2
Solanum_tripartitum,2
Solanum_retroflexum,4
Solanum_nigrum,6
Solanum_laciniatum,4
Solanum_aviculare,2
Solanum_abutiloides,2
Solanum_pseudocapsicum,2
Solanum_mammosum,2
Solanum_viarum,2
Solanum_giganteum,2
Solanum_aculeastrum,2
Solanum_incanum,2
Solanum_melongena,2
Olea_europaea,2
Fraxinus_excelsior,2
Ligustrum_vulgare,2
Byblis_liniflora,2
Torenia_fournieri,2
Torenia_baillonii,2
Antirrhinum_majus,2
Collinsia_heterophylla,2
Collinsia_tinctoria,2
Collinsia_verna,2
Campylanthus_salsoloides,2
Callitriche_palustris,4
Callitriche_cophocarpa,2
Callitriche_stagnalis,2
Callitriche_platycarpa,4
Callitriche_truncata,2
Callitriche_lusitanica,2
Globularia_salicina,2
Digitalis_purpurea,2
Isoplexis_canariensis,8
Plantago_arenaria,2
Plantago_afra,2
Plantago_lanceolata,2
Plantago_lagopus,2
Plantago_albicans,6
Plantago_ovata,2
Plantago_crassifolia,4
Plantago_coronopus,2
Plantago_major,2
Plantago_media,4
Veronicastrum_virginicum,4
Veronica_serpyllifolia,2
Veronica_gentianoides,6
Veronica_peregrina,6
Veronica_montana,2
Veronica_bellidioides,4
Veronica_urticifolia,2
Veronica_triphyllos,2
Veronica_cymbalaria,4
Veronica_hederifolia,6
Veronica_arvensis,2
Veronica_verna,2
Veronica_chamaedrys,4
Veronica_agrestis,4
Veronica_filiformis,2
Veronica_persica,4
Veronica_polita,2
Veronica_multifida,6
Veronica_armena,2
Veronica_perfoliata,4
Rhinanthus_minor,2
Myzorrhiza_californica,4
Cistanche_phelypaea,2
Orobanche_cernua,2
Orobanche_alba,2
Orobanche_gracilis,4
Orobanche_lutea,2
Orobanche_teucrii,2
Orobanche_caryophyllacea,2
Orobanche_hederae,2
Orobanche_picridis,2
Orobanche_crenata,2
Orobanche_minor,2
Sesamum_indicum,2
Spathodea_campanulata,2
Myoporum_mauritianum,8
Buddleja_globosa,2
Buddleja_davidii,4
Teucrium_scorodonia,2
Stachys_officinalis,2
Sideritis_macrostachys,4
Lamium_album,2
Lamium_galeobdolon,2
Lamium_purpureum,2
Lavandula_multifida,2
Salvia_splendens,4
Satureja_montana,6
Origanum_vulgare,3
Mentha_longifolia,2
Prunella_vulgaris,2
Hyssopus_officinalis,2
Melissa_officinalis,4
Salvia_officinalis,2
Salvia_canariensis,2